hours_coding,coffee_intake_mg,distractions,sleep_hours,commits,bugs_reported,ai_usage_hours,cognitive_load,task_success,focus_score,productivity_per_hour,bug_density,ai_dependency_ratio,energy_load
5.99,600,1,5.8,2,1,0.71,5.4,1,0.5,0.3284072249589491,0.47619047619047616,0.11658456486042693,88.23529411764706
4.72,568,2,6.9,5,3,1.75,4.7,1,0.3333333333333333,1.037344398340249,0.5882352941176471,0.3630705394190872,71.89873417721519
6.3,560,1,8.9,2,0,2.27,2.2,1,0.5,0.3125,0.0,0.35468750000000004,56.56565656565656
8.05,600,7,6.3,9,5,1.4,5.9,0,0.0,1.1042944785276072,0.5494505494505495,0.17177914110429446,82.19178082191782
4.53,421,6,6.9,4,0,1.26,6.3,1,0.14285714285714285,0.8639308855291576,0.0,0.27213822894168466,53.291139240506325
4.53,429,1,7.1,5,0,3.06,3.9,1,0.5,1.079913606911447,0.0,0.6609071274298056,52.96296296296296
8.16,600,1,8.3,6,0,0.3,2.2,1,0.5,0.7263922518159807,0.0,0.03631961259079903,64.51612903225806
6.53,600,4,3.6,9,3,1.47,9.1,0,0.0,1.3574660633484164,0.32967032967032966,0.22171945701357465,130.43478260869566
4.06,409,5,6.1,6,2,2.43,7.0,0,0.0,1.4423076923076925,0.3278688524590164,0.5841346153846155,57.605633802816904
6.09,567,5,7.3,7,0,2.11,5.1,1,0.16666666666666666,1.1308562197092085,0.0,0.3408723747980614,68.3132530120482
4.07,421,0,8.8,3,2,1.64,1.0,1,1.0,0.7194244604316546,0.6451612903225806,0.3932853717026379,42.95918367346938
4.07,404,5,6.3,5,1,2.15,7.3,0,0.0,1.1990407673860912,0.19607843137254904,0.5155875299760192,55.34246575342466
5.48,536,3,4.2,4,3,2.52,7.8,0,0.0,0.7168458781362007,0.7317073170731708,0.45161290322580644,103.07692307692308
1.17,72,7,7.9,2,0,0.39,4.2,0,0.0,1.574803149606299,0.0,0.30708661417322836,8.089887640449438
1.55,126,3,6.0,4,1,0.6,5.7,0,0.0,2.424242424242424,0.24390243902439027,0.3636363636363636,18.0
3.88,425,3,5.2,6,0,0.57,5.1,0,0.0,1.5075376884422111,0.0,0.14321608040201003,68.54838709677419
2.97,322,3,6.1,1,2,0.69,4.5,0,0.0,0.3257328990228013,1.8181818181818181,0.22475570032573286,45.35211267605634
5.63,514,4,6.7,6,2,3.01,4.6,1,0.2,1.0471204188481675,0.3278688524590164,0.525305410122164,66.75324675324676
3.18,323,4,6.1,0,1,1.74,6.0,0,0.0,0.0,10.0,0.5304878048780487,45.49295774647887
2.18,255,3,3.7,3,0,0.64,8.2,0,0.0,1.3157894736842104,0.0,0.2807017543859649,54.25531914893617
7.93,600,3,8.3,8,0,2.07,2.7,1,0.25,0.9962640099626402,0.0,0.2577833125778331,64.51612903225806
4.55,482,3,8.9,0,0,0.66,2.2,1,0.25,0.0,0.0,0.14193548387096777,48.686868686868685
5.14,480,2,8.0,2,3,1.97,2.5,1,0.3333333333333333,0.3816793893129771,1.4285714285714286,0.3759541984732825,53.333333333333336
2.15,244,4,5.3,1,0,0.08,7.8,0,0.0,0.4444444444444444,0.0,0.035555555555555556,38.730158730158735
3.91,353,1,6.7,3,2,0.6,1.0,0,0.0,0.7481296758104738,0.6451612903225806,0.14962593516209477,45.84415584415584
5.22,432,0,7.0,2,1,1.72,2.7,1,1.0,0.3759398496240602,0.47619047619047616,0.32330827067669177,54.0
2.7,188,7,7.9,3,1,0.82,7.1,0,0.0,1.0714285714285714,0.3225806451612903,0.2928571428571428,21.123595505617978
5.75,578,1,8.0,6,2,1.53,3.0,1,0.5,1.0256410256410258,0.3278688524590164,0.26153846153846155,64.22222222222223
3.8,393,1,5.9,3,2,0.91,5.9,0,0.0,0.7692307692307693,0.6451612903225806,0.23333333333333334,56.95652173913043
4.42,396,1,7.1,2,1,0.3,1.3,1,0.5,0.4424778761061947,0.47619047619047616,0.06637168141592921,48.88888888888889
3.8,412,3,7.7,5,0,2.06,2.6,0,0.0,1.2820512820512822,0.0,0.5282051282051282,47.356321839080465
8.7,600,1,9.2,12,0,1.45,1.8,1,0.5,1.3636363636363638,0.0,0.1647727272727273,58.82352941176471
4.97,494,3,8.1,4,0,1.55,5.0,1,0.25,0.7889546351084814,0.0,0.30571992110453655,54.285714285714285
2.88,228,6,8.2,1,0,1.66,3.7,0,0.0,0.33557046979865773,0.0,0.5570469798657718,24.782608695652176
6.65,600,1,7.1,7,3,2.82,3.0,1,0.5,1.037037037037037,0.4225352112676057,0.41777777777777775,74.07407407407408
2.56,258,2,9.1,1,1,1.54,2.3,0,0.0,0.37593984962406013,0.9090909090909091,0.5789473684210527,25.544554455445546
5.42,499,3,7.6,5,0,0.89,2.4,1,0.25,0.9057971014492754,0.0,0.16123188405797104,58.02325581395349
1.08,89,3,5.7,2,1,0.23,6.3,0,0.0,1.6949152542372878,0.47619047619047616,0.19491525423728812,13.283582089552239
2.34,285,7,9.1,0,0,1.13,1.7,0,0.0,0.0,0.0,0.4631147540983606,28.21782178217822
5.39,511,5,8.0,8,0,1.35,4.9,1,0.16666666666666666,1.4571948998178508,0.0,0.24590163934426235,56.77777777777778
6.48,600,2,6.3,6,1,0.89,3.7,1,0.3333333333333333,0.9118541033434651,0.1639344262295082,0.135258358662614,82.19178082191782
5.34,478,1,6.3,4,0,3.34,3.8,1,0.5,0.7352941176470589,0.0,0.6139705882352942,65.47945205479452
4.77,503,7,7.4,4,1,0.91,6.7,1,0.125,0.8213552361396306,0.24390243902439027,0.18685831622176596,59.88095238095238
4.4,512,5,7.7,4,0,1.32,5.3,1,0.16666666666666666,0.8888888888888888,0.0,0.29333333333333333,58.850574712643684
2.04,81,3,7.3,0,1,0.55,4.2,0,0.0,0.0,10.0,0.25700934579439255,9.759036144578312
3.56,316,2,7.5,6,0,1.12,4.5,0,0.0,1.639344262295082,0.0,0.30601092896174864,37.1764705882353
4.08,437,3,9.5,4,0,0.68,1.0,1,0.25,0.9569377990430623,0.0,0.1626794258373206,41.61904761904762
7.11,600,2,8.6,8,0,0.25,2.6,1,0.3333333333333333,1.1095700416088765,0.0,0.03467406380027739,62.5
5.69,587,4,7.3,7,0,1.97,3.9,1,0.2,1.2089810017271156,0.0,0.3402417962003454,70.72289156626505
1.47,117,3,8.4,0,0,0.51,4.0,0,0.0,0.0,0.0,0.3248407643312102,12.446808510638297
5.65,569,3,5.5,6,2,0.46,6.7,1,0.25,1.0434782608695652,0.3278688524590164,0.08,87.53846153846153
4.23,415,6,7.6,3,0,0.91,6.1,1,0.14285714285714285,0.6928406466512702,0.0,0.21016166281755197,48.25581395348837
3.65,423,1,9.7,5,0,0.3,2.4,0,0.0,1.3333333333333333,0.0,0.08,39.532710280373834
6.22,600,4,6.7,1,0,2.59,6.5,1,0.2,0.15822784810126583,0.0,0.4098101265822785,77.92207792207792
7.06,600,2,5.7,6,2,0.62,5.1,1,0.3333333333333333,0.8379888268156426,0.3278688524590164,0.08659217877094973,89.55223880597015
6.86,600,2,6.0,5,0,2.42,5.0,1,0.3333333333333333,0.7183908045977011,0.0,0.34770114942528735,85.71428571428571
3.32,308,3,5.4,4,0,1.27,6.7,0,0.0,1.1695906432748537,0.0,0.3713450292397661,48.125
4.38,417,3,5.8,5,2,1.11,5.8,1,0.25,1.1160714285714286,0.3921568627450981,0.24776785714285718,61.32352941176471
5.66,586,1,6.4,4,1,3.44,4.8,1,0.5,0.6944444444444444,0.24390243902439027,0.5972222222222222,79.18918918918918
6.95,600,3,4.9,5,2,0.13,4.4,1,0.25,0.7092198581560284,0.3921568627450981,0.01843971631205674,101.69491525423729
4.04,419,2,7.0,3,0,1.69,5.9,1,0.3333333333333333,0.7246376811594204,0.0,0.40821256038647347,52.375
4.63,567,4,8.4,2,0,1.58,3.7,1,0.2,0.42283298097251587,0.0,0.3340380549682876,60.31914893617021
2.79,322,6,5.6,4,0,1.35,5.7,0,0.0,1.3840830449826989,0.0,0.4671280276816609,48.78787878787879
2.61,244,5,9.3,1,0,1.6,2.3,0,0.0,0.36900369003690037,0.0,0.5904059040590406,23.689320388349515
6.63,600,5,7.8,0,1,1.87,2.6,1,0.16666666666666666,0.0,10.0,0.27786032689450224,68.18181818181817
7.71,600,3,8.5,6,0,1.84,1.9,1,0.25,0.7682458386683739,0.0,0.235595390524968,63.1578947368421
4.86,384,3,6.0,2,4,2.61,5.3,0,0.0,0.40322580645161293,1.9047619047619047,0.5262096774193549,54.857142857142854
7.01,600,0,8.3,3,0,1.18,3.2,1,1.0,0.4219409282700422,0.0,0.16596343178621661,64.51612903225806
5.72,479,3,5.4,3,1,2.41,6.5,1,0.25,0.5154639175257733,0.3225806451612903,0.4140893470790379,74.84375
3.71,353,4,8.3,3,0,1.21,3.9,0,0.0,0.7874015748031495,0.0,0.31758530183727035,37.956989247311824
5.72,573,6,7.3,8,0,3.24,4.6,1,0.14285714285714285,1.3745704467353954,0.0,0.5567010309278352,69.03614457831324
8.08,600,2,7.8,8,1,0.58,2.3,1,0.3333333333333333,0.9779951100244499,0.1234567901234568,0.07090464547677261,68.18181818181817
4.93,509,1,5.2,3,0,0.3,4.5,1,0.5,0.5964214711729623,0.0,0.05964214711729623,82.09677419354838
8.13,600,2,5.7,9,0,1.69,4.6,1,0.3333333333333333,1.0935601458080193,0.0,0.20534629404617252,89.55223880597015
0.0,41,2,7.9,0,0,0.0,2.8,0,0.0,0.0,0.0,0.0,4.606741573033708
6.64,554,1,5.6,5,0,2.58,4.6,1,0.5,0.741839762611276,0.0,0.38278931750741846,83.93939393939394
5.17,529,2,7.7,2,2,0.71,3.0,1,0.3333333333333333,0.3795066413662239,0.9523809523809523,0.1347248576850095,60.80459770114943
4.4,479,5,4.9,0,0,0.19,6.9,1,0.16666666666666666,0.0,0.0,0.042222222222222223,81.1864406779661
5.18,444,6,8.3,4,0,3.64,4.9,1,0.14285714285714285,0.7575757575757577,0.0,0.6893939393939394,47.74193548387096
1.02,160,4,5.2,1,0,0.21,6.5,0,0.0,0.8928571428571428,0.0,0.18749999999999997,25.806451612903224
4.56,473,2,7.8,4,0,2.11,1.6,1,0.3333333333333333,0.8583690987124465,0.0,0.4527896995708155,53.74999999999999
5.71,551,5,7.9,4,0,0.69,4.6,1,0.16666666666666666,0.6884681583476765,0.0,0.11876075731497418,61.91011235955056
7.96,600,4,6.0,6,0,1.82,5.9,1,0.2,0.7444168734491314,0.0,0.22580645161290322,85.71428571428571
3.96,510,3,7.9,5,0,0.35,2.0,0,0.0,1.2315270935960592,0.0,0.08620689655172414,57.30337078651685
3.38,347,4,7.4,0,1,2.2,4.0,0,0.0,0.0,10.0,0.632183908045977,41.30952380952381
4.0,412,0,6.2,5,0,0.74,4.4,0,0.0,1.2195121951219514,0.0,0.1804878048780488,57.22222222222222
6.83,600,2,5.5,4,2,0.48,4.4,1,0.3333333333333333,0.5772005772005773,0.48780487804878053,0.06926406926406926,92.3076923076923
5.66,523,2,4.1,4,1,3.08,5.7,1,0.3333333333333333,0.6944444444444444,0.24390243902439027,0.5347222222222222,102.54901960784315
3.94,436,3,7.5,1,4,0.82,3.7,0,0.0,0.24752475247524752,3.6363636363636362,0.20297029702970296,51.294117647058826
6.03,560,5,4.7,5,1,3.52,8.5,0,0.0,0.8156606851549756,0.19607843137254904,0.5742251223491028,98.24561403508771
5.19,523,3,7.1,7,0,1.78,6.2,1,0.25,1.3232514177693762,0.0,0.33648393194706994,64.5679012345679
6.94,600,5,6.6,7,0,1.99,6.6,1,0.16666666666666666,0.9943181818181818,0.0,0.28267045454545453,78.94736842105263
3.6,384,2,8.0,5,0,1.51,4.1,0,0.0,1.3513513513513513,0.0,0.4081081081081081,42.666666666666664
4.34,451,4,6.5,5,3,0.68,5.8,1,0.2,1.1261261261261262,0.5882352941176471,0.15315315315315317,60.13333333333333
4.22,473,5,6.5,2,0,0.82,5.3,1,0.16666666666666666,0.462962962962963,0.0,0.18981481481481483,63.06666666666667
2.07,182,2,8.1,1,0,0.62,3.6,0,0.0,0.4608294930875576,0.0,0.2857142857142857,20.0
5.59,546,1,7.5,4,1,2.33,2.9,1,0.5,0.70298769771529,0.24390243902439027,0.40949033391915646,64.23529411764706
5.52,503,0,7.5,8,0,1.54,2.9,1,1.0,1.423487544483986,0.0,0.2740213523131673,59.1764705882353
5.01,479,4,7.7,2,0,0.22,3.4,1,0.2,0.39138943248532293,0.0,0.04305283757338552,55.05747126436782
4.53,472,3,4.7,6,1,1.4,7.3,0,0.0,1.2958963282937366,0.1639344262295082,0.3023758099352052,82.80701754385964
2.17,255,4,8.1,3,0,0.48,3.7,0,0.0,1.3215859030837005,0.0,0.21145374449339205,28.021978021978022
4.16,370,1,7.9,7,1,1.16,2.8,1,0.5,1.643192488262911,0.14084507042253522,0.27230046948356806,41.573033707865164
4.31,475,1,5.5,3,0,1.07,4.9,1,0.5,0.6802721088435375,0.0,0.2426303854875284,73.07692307692308
3.4,407,2,6.6,4,1,0.83,4.1,0,0.0,1.1428571428571428,0.24390243902439027,0.23714285714285713,53.55263157894737
4.68,488,2,6.9,9,2,1.34,4.5,1,0.3333333333333333,1.8828451882845192,0.21978021978021978,0.28033472803347287,61.77215189873417
5.81,600,1,6.8,4,0,2.65,3.3,1,0.5,0.6768189509306262,0.0,0.4483925549915398,76.92307692307692
8.77,600,2,7.5,5,0,1.02,1.9,1,0.3333333333333333,0.5636978579481399,0.0,0.11499436302142053,70.58823529411765
5.35,473,5,9.1,1,0,1.14,1.5,1,0.16666666666666666,0.1834862385321101,0.0,0.20917431192660552,46.831683168316836
5.52,463,2,8.6,6,0,0.6,2.6,1,0.3333333333333333,1.0676156583629894,0.0,0.10676156583629895,48.22916666666667
4.85,560,3,5.0,1,1,1.0,6.0,1,0.25,0.20202020202020204,0.9090909090909091,0.20202020202020204,93.33333333333333
1.16,149,4,7.9,0,1,0.32,2.3,0,0.0,0.0,10.0,0.25396825396825395,16.741573033707866
4.95,492,2,9.0,5,0,0.58,2.1,1,0.3333333333333333,0.9900990099009901,0.0,0.11485148514851484,49.2
5.12,526,2,7.6,5,0,1.62,3.3,1,0.3333333333333333,0.9578544061302683,0.0,0.3103448275862069,61.162790697674424
9.93,600,2,8.6,10,1,3.14,1.9,1,0.3333333333333333,0.9970089730807578,0.09900990099009901,0.313060817547358,62.5
4.62,584,5,10.0,5,0,0.62,2.7,1,0.16666666666666666,1.0593220338983051,0.0,0.13135593220338984,53.09090909090909
5.6,567,3,8.5,8,0,1.25,4.3,1,0.25,1.4035087719298247,0.0,0.2192982456140351,59.68421052631579
4.93,499,2,7.4,3,0,0.22,4.9,1,0.3333333333333333,0.5964214711729623,0.0,0.0437375745526839,59.404761904761905
2.66,303,4,8.6,1,0,0.36,3.6,0,0.0,0.3623188405797101,0.0,0.13043478260869565,31.5625
7.29,600,7,7.2,5,0,1.41,6.2,1,0.125,0.6765899864682003,0.0,0.19079837618403248,73.17073170731707
6.5,600,1,7.0,8,0,1.14,3.6,1,0.5,1.2121212121212122,0.0,0.17272727272727273,75.0
6.58,600,7,6.5,8,0,0.39,7.3,0,0.0,1.1976047904191618,0.0,0.058383233532934134,80.0
3.18,342,3,9.3,4,0,0.33,1.9,0,0.0,1.2195121951219512,0.0,0.10060975609756097,33.20388349514563
7.81,600,1,5.8,10,2,1.73,4.9,1,0.5,1.2642225031605563,0.19801980198019803,0.21871049304677626,88.23529411764706
2.2,287,2,9.3,0,0,1.1,1.0,0,0.0,0.0,0.0,0.47826086956521735,27.864077669902912
6.17,600,1,7.7,9,0,2.48,2.8,1,0.5,1.4354066985645935,0.0,0.3955342902711324,68.96551724137932
9.38,600,4,4.9,12,2,2.55,7.6,0,0.0,1.2658227848101264,0.1652892561983471,0.2689873417721519,101.69491525423729
3.02,252,3,7.6,4,2,1.09,3.5,0,0.0,1.282051282051282,0.48780487804878053,0.3493589743589744,29.30232558139535
3.87,380,2,3.8,7,1,2.03,7.1,0,0.0,1.7632241813602014,0.14084507042253522,0.5113350125944583,79.16666666666667
5.2,523,1,7.9,1,1,0.49,1.5,1,0.5,0.18867924528301888,0.9090909090909091,0.09245283018867925,58.764044943820224
3.99,454,2,8.3,2,1,2.16,1.4,0,0.0,0.48899755501222497,0.47619047619047616,0.528117359413203,48.817204301075265
1.9,105,3,6.1,0,3,0.71,5.6,0,0.0,0.0,30.0,0.355,14.788732394366198
5.14,590,3,7.2,6,0,2.35,3.6,1,0.25,1.1450381679389314,0.0,0.44847328244274814,71.95121951219512
2.88,280,1,9.9,0,1,0.29,1.0,0,0.0,0.0,10.0,0.09731543624161074,25.68807339449541
5.95,573,7,6.2,7,2,1.18,6.1,1,0.125,1.15702479338843,0.28169014084507044,0.19504132231404958,79.58333333333333
3.16,266,2,5.4,5,1,1.4,4.6,0,0.0,1.5337423312883434,0.19607843137254904,0.42944785276073616,41.5625
8.1,600,3,9.2,9,0,2.06,3.1,1,0.25,1.0975609756097562,0.0,0.25121951219512195,58.82352941176471
3.43,385,4,9.9,4,0,0.79,2.2,0,0.0,1.13314447592068,0.0,0.22379603399433426,35.32110091743119
4.36,439,3,7.0,2,0,2.29,3.6,1,0.25,0.4484304932735426,0.0,0.5134529147982063,54.875
6.63,598,6,8.5,4,2,1.55,3.9,1,0.14285714285714285,0.5943536404160475,0.48780487804878053,0.23031203566121844,62.94736842105263
2.54,189,5,9.0,5,1,0.79,4.8,0,0.0,1.8939393939393938,0.19607843137254904,0.29924242424242425,18.9
5.45,529,2,5.9,7,0,2.86,6.0,1,0.3333333333333333,1.2612612612612613,0.0,0.5153153153153153,76.66666666666666
7.61,600,1,6.3,7,0,4.26,3.1,1,0.5,0.9079118028534371,0.0,0.5525291828793774,82.19178082191782
1.79,166,5,8.8,0,0,0.23,4.8,0,0.0,0.0,0.0,0.12169312169312169,16.93877551020408
5.37,462,3,9.5,1,0,1.22,1.9,1,0.25,0.18281535648994515,0.0,0.2230347349177331,44.0
5.52,540,5,7.8,3,0,2.18,5.5,1,0.16666666666666666,0.5338078291814947,0.0,0.3879003558718862,61.36363636363636
6.56,600,1,5.7,10,5,3.92,4.7,0,0.0,1.5015015015015016,0.49504950495049505,0.5885885885885886,89.55223880597015
2.53,118,3,10.0,0,0,0.33,2.7,0,0.0,0.0,0.0,0.12547528517110268,10.727272727272727
2.36,233,3,6.2,2,0,0.95,4.1,0,0.0,0.8130081300813008,0.0,0.3861788617886179,32.36111111111111
6.04,593,3,6.5,8,2,1.44,4.7,1,0.25,1.3029315960912053,0.2469135802469136,0.23452768729641693,79.06666666666666
5.59,594,2,7.5,3,1,2.91,4.7,1,0.3333333333333333,0.5272407732864676,0.3225806451612903,0.5114235500878735,69.88235294117646
5.5,600,1,9.3,5,0,0.8,1.0,1,0.5,0.8928571428571429,0.0,0.14285714285714288,58.252427184466015
5.69,600,4,8.3,7,0,3.02,3.7,1,0.2,1.2089810017271156,0.0,0.5215889464594128,64.51612903225806
3.64,351,1,7.6,3,0,1.42,2.5,0,0.0,0.8021390374331551,0.0,0.3796791443850267,40.81395348837209
5.46,491,7,7.7,11,1,1.16,6.5,1,0.125,1.9784172661870505,0.0900900900900901,0.20863309352517986,56.43678160919541
5.59,600,2,7.1,2,0,0.38,5.0,1,0.3333333333333333,0.351493848857645,0.0,0.06678383128295255,74.07407407407408
3.57,360,3,7.8,5,1,1.25,4.4,0,0.0,1.3623978201634879,0.19607843137254904,0.34059945504087197,40.90909090909091
8.73,600,3,3.2,8,5,2.22,8.5,0,0.0,0.9060022650056625,0.617283950617284,0.25141562853907135,142.85714285714286
5.95,594,6,6.6,7,0,0.3,6.5,1,0.14285714285714285,1.15702479338843,0.0,0.049586776859504134,78.15789473684211
2.62,272,2,7.4,3,0,1.41,3.3,0,0.0,1.102941176470588,0.0,0.5183823529411764,32.38095238095238
6.31,600,1,5.3,4,1,1.38,5.4,1,0.5,0.62402496099844,0.24390243902439027,0.2152886115444618,95.23809523809524
3.05,276,5,7.6,3,0,1.56,6.4,0,0.0,0.9523809523809524,0.0,0.49523809523809526,32.093023255813954
6.57,600,2,6.7,2,4,2.39,3.5,0,0.0,0.29985007496251875,1.9047619047619047,0.35832083958020994,77.92207792207792
7.32,600,6,9.6,8,0,3.98,3.0,1,0.14285714285714285,1.0781671159029649,0.0,0.5363881401617251,56.60377358490566
3.36,309,3,9.4,3,0,0.07,2.1,0,0.0,0.8670520231213873,0.0,0.020231213872832374,29.71153846153846
6.93,600,4,6.3,8,1,2.11,6.7,1,0.2,1.1379800853485065,0.1234567901234568,0.3001422475106686,82.19178082191782
5.83,588,2,6.8,7,1,3.8,4.4,1,0.3333333333333333,1.1804384485666106,0.14084507042253522,0.6408094435075885,75.38461538461539
6.64,600,0,6.9,7,0,0.94,4.1,1,1.0,1.0385756676557865,0.0,0.1394658753709199,75.94936708860759
8.79,600,3,6.3,9,1,2.63,6.2,1,0.25,1.0123734533183353,0.10989010989010989,0.2958380202474691,82.19178082191782
4.51,318,5,7.3,2,0,0.43,5.8,1,0.16666666666666666,0.4338394793926248,0.0,0.09327548806941433,38.313253012048186
3.49,404,3,5.9,2,3,2.22,4.6,0,0.0,0.5571030640668523,1.4285714285714286,0.6183844011142061,58.55072463768116
3.22,384,2,5.3,5,0,0.7,7.4,0,0.0,1.506024096385542,0.0,0.21084337349397586,60.952380952380956
3.37,233,3,7.9,6,1,1.06,5.0,0,0.0,1.7291066282420748,0.1639344262295082,0.30547550432276654,26.179775280898877
4.85,467,3,7.9,4,1,1.26,3.6,1,0.25,0.8080808080808082,0.24390243902439027,0.2545454545454546,52.471910112359545
5.68,550,2,5.8,5,2,2.4,3.8,1,0.3333333333333333,0.8650519031141869,0.3921568627450981,0.4152249134948097,80.88235294117648
5.55,485,2,8.3,3,0,0.95,1.1,1,0.3333333333333333,0.5309734513274337,0.0,0.168141592920354,52.1505376344086
6.65,600,3,6.1,8,0,1.71,5.7,1,0.25,1.1851851851851851,0.0,0.25333333333333335,84.50704225352113
5.03,447,2,7.4,6,0,1.33,2.9,1,0.3333333333333333,1.1695906432748537,0.0,0.2592592592592593,53.214285714285715
7.91,600,1,8.2,11,0,0.48,1.0,1,0.5,1.373283395755306,0.0,0.0599250936329588,65.21739130434783
4.47,494,2,6.9,2,0,0.18,2.5,1,0.3333333333333333,0.43763676148796504,0.0,0.03938730853391685,62.53164556962025
10.44,600,4,7.7,9,0,3.5,3.8,1,0.2,0.8538899430740039,0.0,0.33206831119544594,68.96551724137932
6.25,600,4,6.2,6,0,0.29,6.0,1,0.2,0.9448818897637796,0.0,0.04566929133858268,83.33333333333333
3.29,272,4,6.7,4,0,0.75,6.7,0,0.0,1.1799410029498525,0.0,0.22123893805309733,35.324675324675326
2.86,260,3,6.7,2,0,0.37,5.3,0,0.0,0.6756756756756757,0.0,0.125,33.76623376623377
5.96,600,3,5.9,4,1,1.72,5.2,1,0.25,0.6600660066006601,0.24390243902439027,0.2838283828382838,86.95652173913044
4.55,394,1,6.7,6,0,1.89,4.1,1,0.5,1.2903225806451615,0.0,0.40645161290322585,51.16883116883117
6.43,600,4,4.7,7,3,2.65,7.6,0,0.0,1.0719754977029097,0.4225352112676057,0.4058192955589587,105.26315789473684
5.95,583,2,6.3,4,0,1.93,5.5,1,0.3333333333333333,0.6611570247933884,0.0,0.31900826446280994,79.86301369863014
4.85,467,2,6.6,7,0,1.52,4.4,1,0.3333333333333333,1.4141414141414144,0.0,0.3070707070707071,61.44736842105264
3.31,366,2,6.6,5,5,1.45,5.4,0,0.0,1.466275659824047,0.9803921568627452,0.42521994134897356,48.15789473684211
1.97,219,6,6.6,2,2,0.63,7.2,0,0.0,0.9661835748792271,0.9523809523809523,0.30434782608695654,28.815789473684212
4.11,393,1,6.9,4,0,0.74,3.7,1,0.5,0.9501187648456058,0.0,0.17577197149643706,49.74683544303797
6.71,600,2,7.7,7,0,0.31,3.2,1,0.3333333333333333,1.0279001468428781,0.0,0.04552129221732746,68.96551724137932
5.43,489,2,8.3,3,2,2.64,3.6,1,0.3333333333333333,0.54249547920434,0.6451612903225806,0.47739602169981926,52.58064516129032
2.51,282,2,6.0,2,2,1.64,4.3,0,0.0,0.7662835249042146,0.9523809523809523,0.6283524904214559,40.285714285714285
5.35,564,5,5.2,1,0,1.03,5.8,1,0.16666666666666666,0.1834862385321101,0.0,0.18899082568807343,90.96774193548387
5.77,562,3,5.4,7,0,1.19,4.6,1,0.25,1.1925042589437822,0.0,0.20272572402044295,87.8125
3.23,340,1,6.3,0,2,0.13,3.4,0,0.0,0.0,20.0,0.03903903903903904,46.57534246575342
5.31,468,3,6.5,8,2,1.09,5.7,1,0.25,1.4787430683918672,0.2469135802469136,0.20147874306839192,62.4
5.12,558,5,5.8,4,3,1.28,6.2,1,0.16666666666666666,0.7662835249042146,0.7317073170731708,0.24521072796934867,82.05882352941177
2.71,262,4,5.1,2,1,0.37,7.1,0,0.0,0.7117437722419929,0.47619047619047616,0.13167259786476868,42.95081967213115
5.72,545,4,6.3,4,0,0.74,5.2,1,0.2,0.6872852233676977,0.0,0.12714776632302408,74.65753424657534
6.12,600,5,7.3,5,2,1.67,4.7,1,0.16666666666666666,0.8038585209003216,0.3921568627450981,0.2684887459807074,72.28915662650601
7.17,600,2,7.9,10,0,1.76,2.1,1,0.3333333333333333,1.375515818431912,0.0,0.24209078404401652,67.41573033707864
7.11,600,3,6.2,2,0,1.0,5.2,1,0.25,0.27739251040221913,0.0,0.13869625520110956,83.33333333333333
2.24,147,2,6.4,4,1,1.09,4.4,0,0.0,1.709401709401709,0.24390243902439027,0.46581196581196577,19.864864864864863
3.12,343,8,5.6,3,1,0.05,8.8,0,0.0,0.9316770186335404,0.3225806451612903,0.015527950310559006,51.969696969696976
6.03,539,3,7.0,3,1,2.74,4.8,1,0.25,0.4893964110929853,0.3225806451612903,0.44698205546492664,67.375
6.03,600,4,5.7,3,0,0.86,6.1,1,0.2,0.4893964110929853,0.0,0.1402936378466558,89.55223880597015
6.03,499,5,7.9,9,0,1.46,3.1,1,0.16666666666666666,1.468189233278956,0.0,0.23817292006525284,56.067415730337075
12.0,600,4,4.3,10,3,4.01,8.7,0,0.0,0.8264462809917356,0.297029702970297,0.33140495867768593,113.20754716981132
6.14,600,3,6.5,3,3,1.73,5.0,1,0.25,0.48076923076923084,0.9677419354838709,0.27724358974358976,80.0
7.27,600,3,7.5,9,4,1.5,4.1,0,0.0,1.221166892808684,0.43956043956043955,0.203527815468114,70.58823529411765
6.91,600,1,7.3,7,2,1.28,4.8,1,0.5,0.9985734664764623,0.28169014084507044,0.1825962910128388,72.28915662650601
6.3,600,4,10.0,4,0,1.55,2.9,1,0.2,0.625,0.0,0.24218750000000003,54.54545454545455
4.37,435,4,7.5,4,0,1.91,4.9,1,0.2,0.894854586129754,0.0,0.4272930648769575,51.1764705882353
6.52,600,3,5.5,4,3,2.28,6.0,1,0.25,0.6042296072507554,0.7317073170731708,0.34441087613293053,92.3076923076923
3.45,351,2,6.9,5,1,0.41,4.1,0,0.0,1.408450704225352,0.19607843137254904,0.11549295774647886,44.43037974683544
4.53,460,5,4.3,6,3,2.51,8.4,0,0.0,1.2958963282937366,0.49180327868852464,0.5421166306695464,86.79245283018868
4.03,385,1,6.9,5,1,0.31,4.0,1,0.5,1.2106537530266344,0.19607843137254904,0.07506053268765134,48.734177215189874
5.16,514,7,5.8,5,2,2.5,9.5,0,0.0,0.9505703422053232,0.3921568627450981,0.4752851711026616,75.58823529411765
9.63,600,3,8.4,13,0,3.54,5.6,1,0.25,1.3360739979445015,0.0,0.36382322713257964,63.82978723404255
1.27,41,4,6.2,1,1,0.1,6.1,0,0.0,0.7299270072992701,0.9090909090909091,0.072992700729927,5.694444444444445
6.37,570,2,6.8,4,1,2.9,2.0,1,0.3333333333333333,0.6182380216383307,0.24390243902439027,0.4482225656877898,73.07692307692308
1.77,215,0,6.0,2,1,0.66,3.0,0,0.0,1.06951871657754,0.47619047619047616,0.35294117647058826,30.714285714285715
4.06,414,4,9.6,8,0,1.38,4.2,1,0.2,1.9230769230769234,0.0,0.3317307692307693,39.056603773584904
7.18,600,3,6.5,5,1,1.05,5.7,1,0.25,0.6868131868131869,0.19607843137254904,0.14423076923076925,80.0
5.13,514,4,9.7,4,0,1.37,2.7,1,0.2,0.7648183556405355,0.0,0.2619502868068834,48.0373831775701
2.84,302,3,8.2,3,1,0.46,3.1,0,0.0,1.0204081632653061,0.3225806451612903,0.1564625850340136,32.82608695652174
3.57,330,1,7.7,3,3,1.09,1.6,0,0.0,0.8174386920980926,0.9677419354838709,0.2970027247956403,37.931034482758626
6.36,597,0,7.6,4,1,0.66,4.1,1,1.0,0.6191950464396285,0.24390243902439027,0.1021671826625387,69.4186046511628
3.54,364,3,7.6,5,0,2.07,3.1,0,0.0,1.3736263736263736,0.0,0.5686813186813187,42.32558139534884
5.43,494,2,4.1,10,2,1.54,7.6,0,0.0,1.8083182640144668,0.19801980198019803,0.2784810126582279,96.86274509803923
5.09,530,6,6.6,5,2,1.09,5.1,1,0.14285714285714285,0.9633911368015415,0.3921568627450981,0.21001926782273606,69.73684210526316
3.7,285,2,8.3,1,0,1.32,2.5,0,0.0,0.2631578947368421,0.0,0.34736842105263155,30.64516129032258
9.29,600,4,6.9,6,2,5.33,6.1,1,0.2,0.6389776357827477,0.3278688524590164,0.5676251331203409,75.94936708860759
6.27,600,3,4.9,6,2,1.03,6.4,1,0.25,0.9419152276295134,0.3278688524590164,0.16169544740973316,101.69491525423729
0.95,108,7,6.9,3,0,0.39,6.2,0,0.0,2.857142857142857,0.0,0.37142857142857144,13.670886075949367
5.37,586,5,9.6,6,0,1.58,3.0,1,0.16666666666666666,1.096892138939671,0.0,0.2888482632541134,55.28301886792453
3.68,451,4,8.9,3,0,0.89,1.8,0,0.0,0.7936507936507936,0.0,0.23544973544973544,45.55555555555556
6.7,600,1,6.9,5,1,0.18,2.1,1,0.5,0.7352941176470589,0.19607843137254904,0.026470588235294117,75.94936708860759
3.41,249,6,8.4,1,0,1.13,5.3,0,0.0,0.2849002849002849,0.0,0.3219373219373219,26.48936170212766
4.77,413,1,6.5,6,3,1.92,3.6,1,0.5,1.2320328542094459,0.49180327868852464,0.39425051334702266,55.06666666666667
6.01,570,2,4.4,7,0,2.95,7.3,0,0.0,1.1456628477905075,0.0,0.48281505728314245,105.55555555555554
6.73,600,1,5.6,3,1,2.76,6.0,1,0.5,0.43923865300146414,0.3225806451612903,0.40409956076134695,90.90909090909092
2.6,286,3,9.3,5,0,0.6,3.4,0,0.0,1.8518518518518516,0.0,0.2222222222222222,27.766990291262132
4.33,397,2,6.6,5,0,0.6,2.8,1,0.3333333333333333,1.1286681715575622,0.0,0.13544018058690746,52.23684210526316
4.05,414,1,6.6,6,0,0.13,3.2,1,0.5,1.4457831325301207,0.0,0.03132530120481928,54.473684210526315
3.69,332,0,6.6,1,1,1.56,4.0,0,0.0,0.2638522427440633,0.9090909090909091,0.4116094986807388,43.684210526315795
8.53,600,1,9.9,5,0,2.84,1.2,1,0.5,0.5793742757821554,0.0,0.3290845886442642,55.04587155963303
5.81,511,1,9.4,5,0,1.52,3.3,1,0.5,0.8460236886632827,0.0,0.25719120135363793,49.13461538461538
2.48,202,5,10.0,3,1,0.34,1.6,0,0.0,1.1627906976744187,0.3225806451612903,0.13178294573643412,18.363636363636363
6.84,600,2,6.8,10,2,0.4,5.4,1,0.3333333333333333,1.4409221902017293,0.19801980198019803,0.05763688760806917,76.92307692307692
9.24,600,6,7.4,10,2,5.56,5.9,1,0.14285714285714285,1.0706638115631693,0.19801980198019803,0.595289079229122,71.42857142857143
7.06,600,2,4.7,6,2,3.83,4.6,1,0.3333333333333333,0.8379888268156426,0.3278688524590164,0.5349162011173185,105.26315789473684
1.96,149,5,9.2,0,0,1.24,2.7,0,0.0,0.0,0.0,0.6019417475728155,14.607843137254903
4.03,535,2,5.2,6,1,2.36,6.0,1,0.3333333333333333,1.4527845036319613,0.1639344262295082,0.5714285714285714,86.29032258064515
7.53,600,1,7.3,5,0,1.98,1.5,1,0.5,0.6553079947575361,0.0,0.2595019659239843,72.28915662650601
3.58,368,1,5.4,6,0,0.49,3.1,0,0.0,1.6304347826086956,0.0,0.13315217391304346,57.5
5.89,546,2,6.1,5,0,1.25,3.1,1,0.3333333333333333,0.8347245409015026,0.0,0.20868113522537565,76.90140845070422
6.55,600,3,5.7,9,0,0.94,6.0,1,0.25,1.3533834586466167,0.0,0.14135338345864662,89.55223880597015
3.15,286,2,6.1,4,2,0.52,4.4,0,0.0,1.2307692307692308,0.48780487804878053,0.16,40.28169014084507
4.88,494,1,6.2,4,1,1.71,3.7,1,0.5,0.8032128514056226,0.24390243902439027,0.34337349397590367,68.61111111111111
0.0,128,5,6.2,0,1,0.0,5.7,0,0.0,0.0,10.0,0.0,17.77777777777778
2.95,290,5,8.3,2,0,0.89,2.8,0,0.0,0.6557377049180327,0.0,0.29180327868852457,31.18279569892473
4.49,507,2,5.3,5,0,0.4,5.2,1,0.3333333333333333,1.0893246187363834,0.0,0.08714596949891068,80.47619047619048
2.5,215,1,7.3,2,0,0.7,1.3,0,0.0,0.7692307692307692,0.0,0.2692307692307692,25.903614457831324
8.26,600,3,8.8,7,2,2.17,3.9,1,0.25,0.8373205741626795,0.28169014084507044,0.2595693779904306,61.224489795918366
2.14,303,0,6.2,1,1,1.22,5.5,0,0.0,0.4464285714285714,0.9090909090909091,0.5446428571428571,42.083333333333336
4.12,381,2,5.9,4,3,0.4,2.8,1,0.3333333333333333,0.9478672985781991,0.7317073170731708,0.09478672985781991,55.21739130434782
5.26,600,6,6.7,1,3,0.95,5.9,1,0.14285714285714285,0.1865671641791045,2.727272727272727,0.17723880597014927,77.92207792207792
7.88,600,7,8.8,8,0,1.51,4.3,1,0.125,1.0025062656641606,0.0,0.1892230576441103,61.224489795918366
2.13,185,3,7.3,0,0,0.93,4.0,0,0.0,0.0,0.0,0.41704035874439466,22.28915662650602
7.33,600,3,6.2,5,2,2.03,6.3,1,0.25,0.6729475100942127,0.3921568627450981,0.2732166890982503,83.33333333333333
5.02,551,3,7.7,1,1,1.81,3.3,1,0.25,0.19531250000000003,0.9090909090909091,0.35351562500000006,63.333333333333336
3.04,335,1,5.3,0,0,0.91,5.1,0,0.0,0.0,0.0,0.2898089171974522,53.17460317460318
5.92,514,3,8.0,3,0,0.65,6.5,1,0.25,0.49833887043189373,0.0,0.10797342192691031,57.111111111111114
5.4,503,4,7.6,3,2,0.82,4.3,1,0.2,0.5454545454545454,0.6451612903225806,0.14909090909090908,58.48837209302326
3.8,368,4,6.5,7,0,1.48,7.2,0,0.0,1.794871794871795,0.0,0.37948717948717947,49.06666666666667
5.14,510,1,5.7,4,3,1.7,5.3,1,0.5,0.7633587786259542,0.7317073170731708,0.3244274809160306,76.11940298507463
4.23,454,3,5.7,4,0,0.85,5.3,1,0.25,0.9237875288683602,0.0,0.19630484988452654,67.76119402985074
5.23,532,0,7.8,6,1,0.26,1.5,1,1.0,1.125703564727955,0.1639344262295082,0.04878048780487805,60.454545454545446
6.32,566,2,8.8,6,1,0.78,2.1,1,0.3333333333333333,0.9345794392523364,0.1639344262295082,0.12149532710280374,57.755102040816325
8.17,600,4,6.0,8,2,2.74,4.8,1,0.2,0.9673518742442564,0.2469135802469136,0.33131801692865787,85.71428571428571
2.52,283,6,7.7,0,0,0.35,4.4,0,0.0,0.0,0.0,0.13358778625954196,32.52873563218391
9.27,600,3,3.9,12,1,5.37,7.2,0,0.0,1.28068303094984,0.08264462809917356,0.5731056563500534,122.44897959183673
1.1,164,2,6.1,4,0,0.81,5.2,0,0.0,3.333333333333333,0.0,0.6749999999999999,23.098591549295776
4.7,511,4,7.0,1,1,1.08,6.9,1,0.2,0.20833333333333334,0.9090909090909091,0.22500000000000003,63.875
6.18,600,2,5.6,4,1,2.57,4.9,1,0.3333333333333333,0.6369426751592357,0.24390243902439027,0.40923566878980894,90.90909090909092
5.56,553,4,5.6,5,1,1.85,6.9,1,0.2,0.8833922261484101,0.19607843137254904,0.3268551236749117,83.7878787878788
3.75,292,2,6.0,1,2,1.6,3.4,0,0.0,0.2597402597402597,1.8181818181818181,0.4155844155844156,41.714285714285715
4.58,480,6,7.4,5,1,3.03,6.6,1,0.14285714285714285,1.0683760683760684,0.19607843137254904,0.6474358974358975,57.14285714285714
4.01,412,2,6.7,2,0,1.18,2.6,1,0.3333333333333333,0.4866180048661801,0.0,0.28710462287104627,53.506493506493506
3.82,396,0,3.6,8,2,0.05,7.2,0,0.0,2.0408163265306123,0.2469135802469136,0.012755102040816327,86.08695652173914
6.7,600,5,3.8,9,1,2.26,8.6,0,0.0,1.3235294117647058,0.10989010989010989,0.3323529411764706,125.0
5.71,517,3,6.1,6,1,2.95,5.3,1,0.25,1.0327022375215147,0.1639344262295082,0.5077452667814114,72.8169014084507
3.61,414,2,7.7,5,0,0.21,3.0,0,0.0,1.3477088948787062,0.0,0.05660377358490566,47.58620689655173
6.8,600,5,3.0,9,2,4.13,8.2,0,0.0,1.3043478260869565,0.21978021978021978,0.5985507246376812,150.0
5.61,596,4,6.3,4,0,3.61,4.5,1,0.2,0.7005253940455342,0.0,0.6322241681260945,81.64383561643835
6.63,600,4,6.2,4,1,2.92,6.6,1,0.2,0.5943536404160475,0.24390243902439027,0.4338781575037147,83.33333333333333
6.26,600,7,9.1,6,0,0.5,4.4,1,0.125,0.9433962264150945,0.0,0.07861635220125787,59.40594059405941
3.34,381,2,6.4,5,0,0.88,4.3,0,0.0,1.4534883720930232,0.0,0.2558139534883721,51.486486486486484
3.88,362,2,7.6,4,0,0.56,3.9,0,0.0,1.0050251256281406,0.0,0.14070351758793972,42.093023255813954
6.49,600,5,7.2,3,2,2.24,5.4,1,0.16666666666666666,0.4552352048558422,0.6451612903225806,0.3399089529590289,73.17073170731707
6.22,599,4,3.8,4,0,0.75,7.4,0,0.0,0.6329113924050633,0.0,0.11867088607594937,124.79166666666667
4.96,474,3,8.2,4,0,2.57,5.8,1,0.25,0.790513833992095,0.0,0.5079051383399209,51.52173913043479
5.23,508,2,7.3,5,2,1.2,4.4,1,0.3333333333333333,0.9380863039399625,0.3921568627450981,0.225140712945591,61.20481927710843
7.56,600,4,7.8,11,0,1.6,4.4,1,0.2,1.4360313315926894,0.0,0.2088772845953003,68.18181818181817
3.82,358,4,10.0,1,0,0.75,1.5,0,0.0,0.25510204081632654,0.0,0.1913265306122449,32.54545454545455
6.09,600,5,3.9,7,1,1.11,9.6,0,0.0,1.1308562197092085,0.14084507042253522,0.1793214862681745,122.44897959183673
4.6,415,1,9.6,7,0,1.16,1.0,1,0.5,1.4893617021276597,0.0,0.2468085106382979,39.15094339622642
4.56,447,2,6.6,9,0,0.19,3.6,1,0.3333333333333333,1.9313304721030047,0.0,0.04077253218884121,58.81578947368421
7.2,600,1,7.4,6,1,2.58,4.8,1,0.5,0.8219178082191781,0.1639344262295082,0.35342465753424657,71.42857142857143
6.65,600,4,6.9,7,2,1.03,5.1,1,0.2,1.037037037037037,0.28169014084507044,0.15259259259259259,75.94936708860759
6.63,600,1,6.4,7,1,2.81,3.4,1,0.5,1.0401188707280833,0.14084507042253522,0.4175334323922734,81.08108108108108
7.61,600,3,6.1,8,1,3.4,5.4,1,0.25,1.0376134889753568,0.1234567901234568,0.4409857328145266,84.50704225352113
5.04,430,1,7.5,4,2,2.24,3.9,1,0.5,0.7782101167315175,0.48780487804878053,0.43579766536964987,50.588235294117645
6.36,600,2,4.7,7,1,2.22,6.9,1,0.3333333333333333,1.08359133126935,0.14084507042253522,0.34365325077399383,105.26315789473684
4.38,482,5,8.1,0,0,1.38,5.3,1,0.16666666666666666,0.0,0.0,0.3080357142857143,52.96703296703297
5.65,569,4,6.4,7,1,2.81,4.4,1,0.2,1.2173913043478262,0.14084507042253522,0.48869565217391303,76.89189189189189
4.74,527,3,5.3,4,0,1.67,7.1,0,0.0,0.8264462809917356,0.0,0.3450413223140496,83.65079365079366
5.19,494,3,6.3,4,2,1.81,5.0,1,0.25,0.7561436672967864,0.48780487804878053,0.34215500945179583,67.67123287671232
6.19,600,5,8.9,10,1,2.47,3.7,1,0.16666666666666666,1.589825119236884,0.09900990099009901,0.3926868044515104,60.6060606060606
3.36,451,3,6.2,2,3,1.99,6.5,0,0.0,0.5780346820809249,1.4285714285714286,0.5751445086705202,62.638888888888886
9.18,600,2,7.5,8,0,6.0,4.2,1,0.3333333333333333,0.8620689655172414,0.0,0.646551724137931,70.58823529411765
2.99,277,1,5.9,6,0,0.2,4.9,0,0.0,1.9417475728155338,0.0,0.06472491909385113,40.14492753623188
2.57,330,2,8.1,0,0,1.15,1.0,0,0.0,0.0,0.0,0.4307116104868914,36.26373626373626
7.32,600,1,8.0,6,0,0.85,2.4,1,0.5,0.8086253369272237,0.0,0.11455525606469003,66.66666666666667
6.58,600,2,9.8,6,0,1.85,1.0,1,0.3333333333333333,0.8982035928143713,0.0,0.2769461077844312,55.55555555555555
6.25,600,1,6.7,7,0,0.75,4.5,1,0.5,1.1023622047244095,0.0,0.11811023622047245,77.92207792207792
6.26,600,3,8.0,6,0,1.24,4.5,1,0.25,0.9433962264150945,0.0,0.1949685534591195,66.66666666666667
4.98,430,3,7.1,2,0,0.35,4.1,1,0.25,0.39370078740157477,0.0,0.06889763779527558,53.086419753086425
3.21,275,6,8.9,2,2,1.46,3.4,0,0.0,0.6042296072507553,0.9523809523809523,0.44108761329305135,27.777777777777775
5.15,465,5,5.9,3,0,1.96,8.1,0,0.0,0.5714285714285714,0.0,0.37333333333333335,67.39130434782608
3.65,326,6,8.1,3,0,2.41,4.3,0,0.0,0.8,0.0,0.6426666666666667,35.824175824175825
6.95,600,1,6.7,7,0,3.06,2.6,1,0.5,0.9929078014184397,0.0,0.4340425531914894,77.92207792207792
4.71,482,2,6.9,5,0,0.33,3.3,1,0.3333333333333333,1.0395010395010396,0.0,0.06860706860706861,61.0126582278481
3.35,412,4,7.1,0,2,1.71,4.3,0,0.0,0.0,20.0,0.49565217391304345,50.8641975308642
4.36,386,2,7.4,6,0,0.65,2.8,1,0.3333333333333333,1.345291479820628,0.0,0.14573991031390135,45.95238095238095
5.83,600,1,6.8,6,1,1.83,4.5,1,0.5,1.0118043844856661,0.1639344262295082,0.3086003372681282,76.92307692307692
3.87,377,4,7.3,6,0,0.4,2.5,0,0.0,1.5113350125944585,0.0,0.10075566750629723,45.421686746987945
3.36,333,4,9.4,4,2,1.99,1.8,0,0.0,1.1560693641618498,0.48780487804878053,0.5751445086705202,32.01923076923077
5.49,582,1,8.5,7,1,0.82,2.0,1,0.5,1.2522361359570662,0.14084507042253522,0.14669051878354203,61.26315789473684
5.49,493,4,8.3,6,2,0.95,3.9,1,0.2,1.073345259391771,0.3278688524590164,0.16994633273703041,53.01075268817204
3.99,418,3,6.3,6,2,2.15,6.9,0,0.0,1.466992665036675,0.3278688524590164,0.5256723716381418,57.26027397260274
4.06,414,1,5.7,5,0,0.84,6.4,1,0.5,1.201923076923077,0.0,0.20192307692307696,61.7910447761194
5.46,571,2,8.4,5,1,3.03,1.0,1,0.3333333333333333,0.8992805755395684,0.19607843137254904,0.5449640287769785,60.744680851063826
2.1,225,1,8.3,6,0,0.56,1.0,0,0.0,2.727272727272727,0.0,0.2545454545454546,24.193548387096772
2.19,341,2,9.2,3,0,0.45,1.8,0,0.0,1.3100436681222707,0.0,0.19650655021834063,33.43137254901961
3.56,324,2,6.1,4,2,0.19,4.2,0,0.0,1.0928961748633879,0.48780487804878053,0.051912568306010924,45.63380281690141
4.57,431,3,6.7,2,0,2.04,3.7,1,0.25,0.4282655246252677,0.0,0.43683083511777304,55.97402597402597
5.62,531,4,4.5,3,1,3.48,7.5,0,0.0,0.5244755244755245,0.3225806451612903,0.6083916083916084,96.54545454545455
7.95,600,4,6.4,8,3,2.45,5.8,1,0.2,0.9937888198757763,0.3703703703703704,0.30434782608695654,81.08108108108108
6.72,600,0,8.5,7,0,4.16,1.0,1,1.0,1.026392961876833,0.0,0.6099706744868036,63.1578947368421
4.68,527,3,6.3,3,1,0.74,4.6,1,0.25,0.6276150627615064,0.3225806451612903,0.15481171548117156,72.19178082191782
4.96,567,0,8.0,5,1,1.81,1.3,1,1.0,0.9881422924901186,0.19607843137254904,0.35770750988142297,63.0
2.99,271,3,6.7,6,0,0.59,4.4,0,0.0,1.9417475728155338,0.0,0.19093851132686082,35.19480519480519
4.96,455,1,7.5,6,0,2.81,3.6,1,0.5,1.1857707509881423,0.0,0.5553359683794467,53.529411764705884
4.42,466,4,5.3,2,2,0.94,5.6,1,0.2,0.4424778761061947,0.9523809523809523,0.20796460176991152,73.96825396825398
5.65,537,5,7.1,5,0,1.79,4.7,1,0.16666666666666666,0.8695652173913043,0.0,0.31130434782608696,66.2962962962963
3.35,366,1,3.0,1,2,1.52,7.1,0,0.0,0.2898550724637681,1.8181818181818181,0.4405797101449275,91.5
6.04,600,3,6.7,5,1,3.29,4.8,1,0.25,0.8143322475570033,0.19607843137254904,0.5358306188925082,77.92207792207792
8.07,600,3,4.6,7,1,4.92,7.2,0,0.0,0.8567931456548348,0.14084507042253522,0.602203182374541,107.14285714285715
4.78,556,3,8.8,3,0,0.26,4.7,1,0.25,0.6147540983606558,0.0,0.05327868852459017,56.73469387755102
5.8,600,2,8.2,3,0,2.66,3.4,1,0.3333333333333333,0.5084745762711865,0.0,0.4508474576271187,65.21739130434783
6.38,600,3,7.7,6,0,1.78,4.4,1,0.25,0.925925925925926,0.0,0.27469135802469136,68.96551724137932
4.2,400,3,9.3,3,0,1.29,2.0,1,0.25,0.6976744186046512,0.0,0.30000000000000004,38.83495145631068
5.45,559,4,5.6,0,1,1.78,5.4,1,0.2,0.0,10.0,0.3207207207207207,84.6969696969697
5.03,519,3,9.6,9,1,0.54,1.4,1,0.25,1.7543859649122808,0.10989010989010989,0.10526315789473685,48.9622641509434
5.2,552,1,8.4,7,0,1.96,1.4,1,0.5,1.3207547169811322,0.0,0.369811320754717,58.723404255319146
3.45,446,2,6.6,2,0,0.57,4.7,0,0.0,0.5633802816901408,0.0,0.16056338028169012,58.684210526315795
5.05,496,4,8.7,5,0,0.47,1.6,1,0.2,0.9708737864077671,0.0,0.0912621359223301,51.134020618556704
6.0,560,1,5.3,3,3,2.57,5.8,1,0.5,0.49180327868852464,0.9677419354838709,0.42131147540983604,88.88888888888889
7.9,600,4,5.8,11,0,3.47,6.1,1,0.2,1.375,0.0,0.43375,88.23529411764706
6.92,600,2,6.1,10,4,3.4,5.6,0,0.0,1.4245014245014247,0.39603960396039606,0.48433048433048437,84.50704225352113
9.31,600,1,6.2,9,0,2.18,3.6,1,0.5,0.9564293304994687,0.0,0.23166843783209354,83.33333333333333
3.47,436,5,5.4,5,2,2.04,6.2,0,0.0,1.4005602240896358,0.3921568627450981,0.5714285714285714,68.125
6.74,600,6,8.8,7,0,1.84,3.8,1,0.14285714285714285,1.023391812865497,0.0,0.2690058479532164,61.224489795918366
5.37,548,1,6.6,2,0,2.86,3.5,1,0.5,0.3656307129798903,0.0,0.5228519195612431,72.10526315789474
9.38,600,7,7.5,8,0,4.67,6.8,1,0.125,0.8438818565400843,0.0,0.49261603375527424,70.58823529411765
3.38,398,4,6.1,3,0,0.66,6.7,0,0.0,0.8620689655172414,0.0,0.18965517241379312,56.056338028169016
3.32,458,3,4.3,2,2,0.69,9.1,0,0.0,0.5847953216374269,0.9523809523809523,0.20175438596491227,86.41509433962264
3.8,354,3,7.4,3,1,1.18,3.6,0,0.0,0.7692307692307693,0.3225806451612903,0.30256410256410254,42.14285714285714
0.75,51,0,4.1,0,2,0.49,2.5,0,0.0,0.0,20.0,0.5764705882352941,10.0
3.95,447,3,6.9,3,2,0.87,4.2,0,0.0,0.7407407407407408,0.6451612903225806,0.21481481481481482,56.58227848101266
3.48,382,3,4.9,3,3,1.14,6.8,0,0.0,0.8379888268156425,0.9677419354838709,0.3184357541899441,64.7457627118644
5.3,600,1,10.0,3,0,1.76,1.2,1,0.5,0.5555555555555556,0.0,0.32592592592592595,54.54545454545455
5.68,598,0,8.4,4,0,1.22,1.9,1,1.0,0.6920415224913495,0.0,0.2110726643598616,63.61702127659574
8.75,600,2,7.2,6,0,5.01,3.3,1,0.3333333333333333,0.6779661016949153,0.0,0.5661016949152542,73.17073170731707
6.9,600,4,8.9,8,0,1.42,4.8,1,0.2,1.1428571428571428,0.0,0.20285714285714285,60.6060606060606
3.85,440,6,5.7,0,3,1.31,6.2,0,0.0,0.0,30.0,0.33164556962025316,65.67164179104478
3.2,361,3,7.8,5,0,1.18,3.4,0,0.0,1.5151515151515151,0.0,0.35757575757575755,41.022727272727266
5.98,600,3,7.3,8,0,2.67,3.1,1,0.25,1.3157894736842106,0.0,0.43914473684210525,72.28915662650601
2.36,289,2,7.4,1,0,0.78,3.6,0,0.0,0.4065040650406504,0.0,0.3170731707317073,34.404761904761905
8.66,600,1,8.9,3,0,1.47,3.2,1,0.5,0.3424657534246575,0.0,0.1678082191780822,60.6060606060606
7.36,600,0,8.1,6,0,4.15,1.8,1,1.0,0.8042895442359249,0.0,0.5563002680965148,65.93406593406594
4.06,439,2,7.4,3,0,0.04,3.4,1,0.3333333333333333,0.7211538461538463,0.0,0.009615384615384618,52.26190476190476
1.57,149,6,4.5,0,0,0.39,6.8,0,0.0,0.0,0.0,0.2335329341317365,27.09090909090909
7.71,600,6,5.6,6,1,2.17,7.2,0,0.0,0.7682458386683739,0.1639344262295082,0.27784891165172854,90.90909090909092
4.77,537,3,6.8,7,1,1.92,5.8,1,0.25,1.4373716632443534,0.14084507042253522,0.39425051334702266,68.84615384615385
7.48,600,3,7.1,8,1,1.46,4.1,1,0.25,1.0554089709762533,0.1234567901234568,0.19261213720316622,74.07407407407408
1.81,200,2,5.3,0,0,0.72,5.4,0,0.0,0.0,0.0,0.37696335078534027,31.746031746031747
3.8,360,5,10.0,0,2,1.22,3.6,0,0.0,0.0,20.0,0.3128205128205128,32.72727272727273
5.01,502,3,9.3,4,2,2.0,1.9,1,0.25,0.7827788649706459,0.48780487804878053,0.39138943248532293,48.7378640776699
5.09,573,2,7.9,4,0,2.29,4.4,1,0.3333333333333333,0.7707129094412332,0.0,0.44123314065510605,64.3820224719101
4.1,420,2,7.1,5,2,1.55,2.6,1,0.3333333333333333,1.1904761904761907,0.3921568627450981,0.3690476190476191,51.851851851851855
6.25,600,2,6.7,5,1,2.9,5.0,1,0.3333333333333333,0.7874015748031497,0.19607843137254904,0.4566929133858268,77.92207792207792
2.86,218,3,5.6,3,2,0.99,7.6,0,0.0,1.0135135135135136,0.6451612903225806,0.3344594594594595,33.03030303030303
4.72,509,1,7.1,8,0,0.78,4.4,1,0.5,1.6597510373443984,0.0,0.16182572614107887,62.839506172839506
5.24,556,6,7.4,6,1,0.72,3.7,1,0.14285714285714285,1.1235955056179776,0.1639344262295082,0.1348314606741573,66.19047619047619
6.03,600,4,5.1,5,1,2.21,6.2,1,0.2,0.8156606851549756,0.19607843137254904,0.3605220228384992,98.36065573770492
6.42,600,6,7.5,6,0,0.94,5.3,1,0.14285714285714285,0.9202453987730062,0.0,0.1441717791411043,70.58823529411765
2.75,286,2,6.8,2,1,0.11,5.2,0,0.0,0.7017543859649122,0.47619047619047616,0.03859649122807018,36.666666666666664
1.93,206,5,4.1,4,2,1.15,7.0,0,0.0,1.9704433497536948,0.48780487804878053,0.5665024630541872,40.392156862745104
7.56,600,2,5.7,6,0,4.86,4.3,1,0.3333333333333333,0.783289817232376,0.0,0.6344647519582246,89.55223880597015
5.66,562,3,6.4,5,3,0.82,3.5,1,0.25,0.8680555555555556,0.5882352941176471,0.1423611111111111,75.94594594594594
3.5,364,6,9.8,3,1,0.75,2.3,0,0.0,0.8333333333333333,0.3225806451612903,0.20833333333333331,33.7037037037037
8.1,600,6,7.8,7,0,1.36,3.9,1,0.14285714285714285,0.853658536585366,0.0,0.1658536585365854,68.18181818181817
5.23,532,5,5.0,2,3,1.88,9.1,0,0.0,0.37523452157598497,1.4285714285714286,0.35272045028142585,88.66666666666667
7.36,600,4,7.7,8,0,1.19,3.6,1,0.2,1.0723860589812333,0.0,0.15951742627345844,68.96551724137932
5.14,523,3,4.7,5,2,1.02,7.5,0,0.0,0.9541984732824429,0.3921568627450981,0.19465648854961834,91.75438596491227
9.12,600,1,8.6,10,0,3.86,1.9,1,0.5,1.0845986984815619,0.0,0.4186550976138829,62.5
8.51,600,4,6.3,7,2,0.87,5.7,1,0.2,0.8130081300813009,0.28169014084507044,0.10104529616724739,82.19178082191782
4.5,457,3,6.9,6,1,1.37,4.0,1,0.25,1.3043478260869565,0.1639344262295082,0.2978260869565218,57.848101265822784
6.94,600,4,9.0,5,0,0.65,3.8,1,0.2,0.7102272727272727,0.0,0.09232954545454546,60.0
6.29,600,2,5.1,9,0,0.87,6.1,1,0.3333333333333333,1.4084507042253522,0.0,0.13615023474178403,98.36065573770492
7.74,600,2,4.9,4,0,0.63,6.2,1,0.3333333333333333,0.5102040816326531,0.0,0.08035714285714286,101.69491525423729
3.07,279,4,6.1,3,3,0.81,5.3,0,0.0,0.9463722397476341,0.9677419354838709,0.2555205047318612,39.29577464788733
6.37,600,4,8.6,7,0,1.91,3.0,1,0.2,1.081916537867079,0.0,0.29520865533230295,62.5
7.12,600,1,4.7,5,2,0.2,6.4,1,0.5,0.6925207756232687,0.3921568627450981,0.02770083102493075,105.26315789473684
1.48,145,2,3.0,2,4,0.37,8.2,0,0.0,1.2658227848101264,1.9047619047619047,0.23417721518987342,36.25
2.63,236,4,6.3,5,4,0.21,5.8,0,0.0,1.8315018315018314,0.7843137254901962,0.07692307692307693,32.32876712328767
0.92,186,2,7.8,0,1,0.6,2.4,0,0.0,0.0,10.0,0.5882352941176471,21.136363636363633
4.46,374,3,8.8,5,0,2.01,4.6,1,0.25,1.0964912280701755,0.0,0.4407894736842105,38.16326530612245
6.44,534,5,6.3,1,0,2.14,5.7,1,0.16666666666666666,0.1529051987767584,0.0,0.327217125382263,73.15068493150685
8.0,600,2,6.4,6,1,3.68,4.6,1,0.3333333333333333,0.7407407407407408,0.1639344262295082,0.45432098765432105,81.08108108108108
5.15,490,2,8.7,8,0,1.14,2.1,1,0.3333333333333333,1.5238095238095237,0.0,0.21714285714285714,50.51546391752578
8.26,600,2,4.2,7,2,3.47,8.8,0,0.0,0.8373205741626795,0.28169014084507044,0.41507177033492826,115.38461538461539
2.24,259,2,6.4,0,2,0.32,4.3,0,0.0,0.0,20.0,0.13675213675213674,35.0
1.59,172,4,7.3,1,0,0.41,4.3,0,0.0,0.5917159763313609,0.0,0.24260355029585795,20.72289156626506
4.89,461,2,7.7,9,0,0.62,3.4,1,0.3333333333333333,1.803607214428858,0.0,0.12424849699398799,52.98850574712644
5.77,513,2,6.2,2,2,4.35,4.1,1,0.3333333333333333,0.3407155025553663,0.9523809523809523,0.7410562180579217,71.25
4.93,537,3,7.1,2,0,0.19,4.6,1,0.25,0.3976143141153082,0.0,0.03777335984095428,66.2962962962963
0.87,119,2,3.3,3,3,0.07,10.0,0,0.0,3.0927835051546393,0.9677419354838709,0.07216494845360825,27.674418604651162
4.82,477,2,6.0,8,0,0.71,5.3,1,0.3333333333333333,1.6260162601626016,0.0,0.1443089430894309,68.14285714285714
2.39,331,2,7.7,2,1,1.25,3.6,0,0.0,0.8032128514056224,0.47619047619047616,0.502008032128514,38.04597701149426
6.34,580,5,5.5,3,2,1.53,6.3,1,0.16666666666666666,0.46583850931677023,0.6451612903225806,0.23757763975155283,89.23076923076923
5.73,497,4,7.1,9,0,0.94,6.6,1,0.2,1.5437392795883362,0.0,0.16123499142367065,61.358024691358025
3.12,277,4,7.7,6,1,1.23,6.3,0,0.0,1.8633540372670807,0.1639344262295082,0.3819875776397515,31.839080459770116
3.97,395,4,6.5,5,3,2.91,6.4,0,0.0,1.2285012285012284,0.5882352941176471,0.714987714987715,52.666666666666664
2.88,300,4,7.3,1,0,0.57,5.4,0,0.0,0.33557046979865773,0.0,0.19127516778523487,36.14457831325301
4.87,475,4,5.6,4,0,2.07,6.2,1,0.2,0.8048289738430584,0.0,0.4164989939637827,71.96969696969697
6.91,600,0,6.7,6,3,3.13,3.7,1,1.0,0.8559201141226819,0.49180327868852464,0.44650499286733236,77.92207792207792
3.03,240,1,7.9,3,0,0.49,1.7,0,0.0,0.9584664536741214,0.0,0.15654952076677317,26.96629213483146
6.01,600,4,7.2,8,0,0.5,3.6,1,0.2,1.309328968903437,0.0,0.08183306055646482,73.17073170731707
3.94,390,1,6.1,5,2,0.68,2.9,0,0.0,1.2376237623762376,0.3921568627450981,0.16831683168316833,54.929577464788736
3.41,397,4,7.3,1,0,1.19,5.1,0,0.0,0.2849002849002849,0.0,0.339031339031339,47.831325301204814
4.79,496,1,8.1,7,2,1.29,1.0,1,0.5,1.4314928425357873,0.28169014084507044,0.2638036809815951,54.50549450549451
2.93,316,2,3.9,3,3,0.64,6.6,0,0.0,0.99009900990099,0.9677419354838709,0.2112211221122112,64.48979591836735
3.89,418,2,8.7,5,0,0.54,2.2,0,0.0,1.2531328320802004,0.0,0.13533834586466165,43.09278350515464
2.6,283,1,6.5,5,1,0.38,5.0,0,0.0,1.8518518518518516,0.19607843137254904,0.14074074074074072,37.733333333333334
8.93,600,4,7.6,6,1,3.05,3.8,1,0.2,0.6644518272425249,0.1639344262295082,0.33776301218161686,69.76744186046511
5.07,574,7,8.8,4,0,1.15,5.8,1,0.125,0.7736943907156674,0.0,0.22243713733075435,58.57142857142857
3.6,370,3,4.9,2,1,0.89,7.5,0,0.0,0.5405405405405405,0.47619047619047616,0.24054054054054053,62.711864406779654
5.43,578,4,5.9,2,3,0.06,5.0,1,0.2,0.36166365280289337,1.4285714285714286,0.0108499095840868,83.76811594202898
4.78,473,5,6.6,5,0,0.86,7.1,0,0.0,1.0245901639344261,0.0,0.1762295081967213,62.23684210526316
4.56,528,3,5.8,9,0,2.36,5.4,1,0.25,1.9313304721030047,0.0,0.5064377682403434,77.64705882352942
6.23,589,2,9.6,2,0,3.08,1.0,1,0.3333333333333333,0.315955766192733,0.0,0.48657187993680884,55.56603773584906
6.52,600,3,5.7,6,2,3.05,5.5,1,0.25,0.906344410876133,0.3278688524590164,0.46072507552870096,89.55223880597015
3.94,392,2,6.2,5,0,1.75,4.8,0,0.0,1.2376237623762376,0.0,0.43316831683168316,54.44444444444444
3.85,313,2,7.3,4,0,1.07,3.3,0,0.0,1.0126582278481011,0.0,0.2708860759493671,37.71084337349397
4.45,451,4,5.2,4,0,2.05,6.0,1,0.2,0.8791208791208791,0.0,0.4505494505494505,72.74193548387096
0.4,6,1,6.4,0,0,0.07,3.3,0,0.0,0.0,0.0,0.14,0.8108108108108107
1.97,239,5,7.5,2,0,0.97,5.2,0,0.0,0.9661835748792271,0.0,0.46859903381642515,28.11764705882353
7.73,600,2,6.5,6,3,1.47,4.3,1,0.3333333333333333,0.7662835249042146,0.49180327868852464,0.18773946360153257,80.0
8.29,600,3,6.9,3,3,3.55,5.2,1,0.25,0.3575685339690108,0.9677419354838709,0.42312276519666275,75.94936708860759
4.5,356,6,6.2,6,2,1.73,6.8,1,0.14285714285714285,1.3043478260869565,0.3278688524590164,0.3760869565217392,49.44444444444444
6.15,593,3,4.7,8,4,1.52,6.8,0,0.0,1.28,0.4938271604938272,0.2432,104.03508771929825
5.62,441,3,7.5,5,0,0.16,4.6,1,0.25,0.8741258741258742,0.0,0.027972027972027975,51.88235294117647
11.16,600,7,9.6,11,0,6.36,5.3,1,0.125,0.9769094138543517,0.0,0.5648312611012434,56.60377358490566
7.24,600,3,7.0,9,0,2.63,5.9,1,0.25,1.226158038147139,0.0,0.3583106267029973,75.0
4.74,514,1,7.3,5,0,1.29,4.5,1,0.5,1.0330578512396695,0.0,0.2665289256198347,61.92771084337349
3.09,330,0,8.0,4,2,0.99,2.8,0,0.0,1.2539184952978057,0.48780487804878053,0.3103448275862069,36.666666666666664
1.79,130,3,5.1,1,1,0.12,8.5,0,0.0,0.5291005291005291,0.9090909090909091,0.06349206349206349,21.311475409836067
5.41,538,1,9.6,8,0,0.79,1.4,1,0.5,1.4519056261343013,0.0,0.14337568058076225,50.75471698113208
3.49,349,2,7.3,4,1,1.71,4.0,0,0.0,1.1142061281337046,0.24390243902439027,0.47632311977715874,42.04819277108433
2.16,158,1,9.4,2,0,1.23,3.3,0,0.0,0.8849557522123893,0.0,0.5442477876106194,15.192307692307692
3.71,446,3,5.9,1,1,0.45,2.9,0,0.0,0.26246719160104987,0.9090909090909091,0.11811023622047244,64.63768115942028
2.84,328,1,9.7,3,0,0.91,1.0,0,0.0,1.0204081632653061,0.0,0.30952380952380953,30.654205607476637
8.37,600,2,8.2,6,0,2.4,4.1,1,0.3333333333333333,0.7083825265643449,0.0,0.2833530106257379,65.21739130434783
6.76,600,4,7.8,5,0,2.88,5.2,1,0.2,0.728862973760933,0.0,0.4198250728862974,68.18181818181817
4.98,509,3,7.4,3,3,1.05,6.7,1,0.25,0.5905511811023622,0.9677419354838709,0.20669291338582677,60.595238095238095
7.96,600,4,6.6,5,1,3.28,5.5,1,0.2,0.6203473945409429,0.19607843137254904,0.4069478908188585,78.94736842105263
5.15,503,2,8.8,9,1,2.32,1.8,1,0.3333333333333333,1.7142857142857142,0.10989010989010989,0.44190476190476186,51.326530612244895
3.28,294,2,7.2,5,0,0.88,3.5,0,0.0,1.4792899408284024,0.0,0.2603550295857988,35.85365853658537
8.05,600,3,4.0,11,2,3.36,7.8,0,0.0,1.3496932515337423,0.1801801801801802,0.4122699386503067,120.0
6.08,594,1,5.3,3,0,0.91,6.8,1,0.5,0.4854368932038835,0.0,0.14724919093851133,94.28571428571429
2.93,382,2,6.7,3,2,1.38,5.9,0,0.0,0.99009900990099,0.6451612903225806,0.45544554455445535,49.61038961038961
4.62,494,4,7.5,2,0,0.41,4.5,1,0.2,0.42372881355932207,0.0,0.08686440677966102,58.11764705882353
3.25,296,6,6.9,1,0,1.52,6.3,0,0.0,0.29850746268656714,0.0,0.45373134328358206,37.46835443037975
2.23,252,4,8.8,0,0,1.05,2.6,0,0.0,0.0,0.0,0.45064377682403434,25.71428571428571
